S. No,url,Critical Sector Entity Name,Phishing/Suspected Domains (i.e. Class Label)
1,australianvisainfo.com,Indian Railway Catering and Tourism Corporation (IRCTC),Phishing
2,sparkpostmail.com,Indian Railway Catering and Tourism Corporation (IRCTC),Phishing
3,wetransfer.com,Indian Railway Catering and Tourism Corporation (IRCTC),Phishing
4,empresas.icicicbank.com/,ICICI Bank,Phishing
5,mycardreward.in,ICICI Bank,Phishing
6,hrzkmo.icicicbank.com/,ICICI Bank,Phishing
7,v.icicibank.in/,ICICI Bank,Phishing
8,db2.icicicbank.com/,ICICI Bank,Phishing
9,iccifund.com,ICICI Bank,Phishing
10,icicpsomtng.top,ICICI Bank,Phishing
11,icicadisfurnishseveries.monster,ICICI Bank,Phishing
12,niloonline.shop,ICICI Bank,Phishing
13,savingsaccount.store,ICICI Bank,Phishing
14,icicmm.com,ICICI Bank,Phishing
15,iciciworkflow1.com,ICICI Bank,Phishing
16,icicinc.top,ICICI Bank,Phishing
17,onesource.run,ICICI Bank,Phishing
18,gpvpn.icicibanbk.com/,ICICI Bank,Phishing
19,mta-sts.smtp3.iciciprulife.co/,ICICI Bank,Phishing
20,mta-sts.salescrm.icicibamk.com/,ICICI Bank,Phishing
21,theholw6.icicibamk.com/,ICICI Bank,Phishing
22,9d9a28c3-ca42-43e2-b578-78b49bf03843.random.iciciprulife.co/,ICICI Bank,Phishing
23,7fb3673b-ec46-430b-8f68-880513a8294e.random.iciciprulife.co/,ICICI Bank,Phishing
24,ww7.icicicareer.com/?usid=104&utid=e2ae6f9bb335c7eb2c8182151dacb3a8,ICICI Bank,Phishing
25,resolver1.icicibamnk.com/,ICICI Bank,Phishing
26,mta-sts.test.icicibamk.com/,ICICI Bank,Phishing
27,doh.icicibamnk.com/,ICICI Bank,Phishing
28,mta-sts.notexistsicicibank.carreer.com/,ICICI Bank,Phishing
29,omwzeriyadww25.beta.icicibamk.com/,ICICI Bank,Phishing
30,icicicardonline.info,ICICI Bank,Phishing
31,icici-inr.top,ICICI Bank,Phishing
32,icicio.top,ICICI Bank,Phishing
33,mta-sts.docs.iciciprulife.co/,ICICI Bank,Phishing
34,mta-sts.vpn.iciciproperties.com/,ICICI Bank,Phishing
35,dienstleistungsrichtlinie.icicicbank.com/,ICICI Bank,Phishing
36,988a3cf0-88de-435e-90fe-ef14229bee3b.random.iciciprulife.co/,ICICI Bank,Phishing
37,members.icicicbank.com/,ICICI Bank,Phishing
38,mta-sts.forums.icicibamk.com/,ICICI Bank,Phishing
39,ww38.secure.iciciditect.com/,ICICI Bank,Phishing
40,ere-nova.icicicbank.com/,ICICI Bank,Phishing
41,iciciv.com,ICICI Bank,Phishing
42,icicicc.com,ICICI Bank,Phishing
43,imobile.icicibasnk.com/,ICICI Bank,Phishing
44,ww38.infinitynxt.icicibank.site/,ICICI Bank,Phishing
45,icicibank.msy169.xyz/,ICICI Bank,Phishing
46,mta-sts.icicibank-staging.alardah.com/,ICICI Bank,Phishing
47,server.icicibannk.com/,ICICI Bank,Phishing
48,ww38.store.iciciprulifeinsurance.com/,ICICI Bank,Phishing
49,store.acqweb.icicicbank.com/,ICICI Bank,Phishing
50,www.buy.icicibanlk.com/,ICICI Bank,Phishing
51,www.store.icicicdirect.com/,ICICI Bank,Phishing
52,fortivpn.iciciprulife.co/,ICICI Bank,Phishing
53,zafpshvx.icici.app/,ICICI Bank,Phishing
54,www.uat.icici.app/,ICICI Bank,Phishing
55,aic1c1.vip,ICICI Bank,Phishing
56,iccici.com,ICICI Bank,Phishing
57,iciinsurance.online,ICICI Bank,Phishing
58,l2n2uhji85.icicibasnk.com/,ICICI Bank,Phishing
59,icicle1.com,ICICI Bank,Phishing
60,icici.care.co.in/,ICICI Bank,Phishing
61,test.icicibank.live/,ICICI Bank,Phishing
62,viyionline.com,ICICI Bank,Phishing
63,imenonline.com,ICICI Bank,Phishing
64,stg.icici.app/,ICICI Bank,Phishing
65,email.icicicbank.com/,ICICI Bank,Phishing
66,www.job-in-bank-icici.today/lander,ICICI Bank,Phishing
67,icicci.top,ICICI Bank,Phishing
68,ficicilarnesine.xyz,ICICI Bank,Phishing
69,icicbgroups.online,ICICI Bank,Phishing
70,www.icicihomel.oan.com/,ICICI Bank,Phishing
71,icicn.top/in,ICICI Bank,Phishing
72,icicin.top/in,ICICI Bank,Phishing
73,icicibankpersonalloaninchennai.in,ICICI Bank,Phishing
74,icicibankcreditcards.in,ICICI Bank,Phishing
75,cicicici.cn,ICICI Bank,Phishing
76,cicici.cc,ICICI Bank,Phishing
77,icici.nanorep.co/widget/widget.html,ICICI Bank,Phishing
78,jicici.cn,ICICI Bank,Phishing
79,xcicicicici.com,ICICI Bank,Phishing
80,picici.tk,ICICI Bank,Phishing
81,lilicici.cn,ICICI Bank,Phishing
82,icicimagos.tk,ICICI Bank,Phishing
83,okicici.com,ICICI Bank,Phishing
84,wicici.com,ICICI Bank,Phishing
85,cicici.wang,ICICI Bank,Phishing
86,cicici.it,ICICI Bank,Phishing
87,icici-learningmatrix.co.uk,ICICI Bank,Phishing
88,cicicici.ml,ICICI Bank,Phishing
89,iconicicing.com.au,ICICI Bank,Phishing
90,komuzicici.ga,ICICI Bank,Phishing
91,picicizylu.cf,ICICI Bank,Phishing
92,icicic.me,ICICI Bank,Phishing
93,idicici.com,ICICI Bank,Phishing
94,icicim.com,ICICI Bank,Phishing
95,cicicitv.xyz,ICICI Bank,Phishing
96,icicinps.com,ICICI Bank,Phishing
97,bicicionline.net,ICICI Bank,Phishing
98,belicicil.com,ICICI Bank,Phishing
99,bificiciriqi.cf,ICICI Bank,Phishing
100,qibimicici.cf,ICICI Bank,Phishing
101,cicici.se,ICICI Bank,Phishing
102,wicicixusa.tk,ICICI Bank,Phishing
103,yicicibuxiangh.top,ICICI Bank,Phishing
104,uriciciposuz.tk,ICICI Bank,Phishing
105,cicici.fun,ICICI Bank,Phishing
106,modicici.com,ICICI Bank,Phishing
107,yvicicid.tk,ICICI Bank,Phishing
108,vicicimuxy.tk,ICICI Bank,Phishing
109,ricicioterpu.cf,ICICI Bank,Phishing
110,kobicici.ga,ICICI Bank,Phishing
111,weicici.com,ICICI Bank,Phishing
112,icicinev.gq,ICICI Bank,Phishing
113,icicinabk.com,ICICI Bank,Phishing
114,citcibank.com,ICICI Bank,Phishing
115,icicivil.net.au,ICICI Bank,Phishing
116,cicicicekcilik.com,ICICI Bank,Phishing
117,ulicicibop.cf,ICICI Bank,Phishing
118,bicici.ml,ICICI Bank,Phishing
119,dicicip.com/,ICICI Bank,Phishing
120,iturcicici.ml,ICICI Bank,Phishing
121,micici.cn,ICICI Bank,Phishing
122,avicicirean.com,ICICI Bank,Phishing
123,icicivcs.co.in,ICICI Bank,Phishing
124,icici.banklocationmaps.com,ICICI Bank,Phishing
125,clicicililmardi.tk,ICICI Bank,Phishing
126,kirazbicici.com,ICICI Bank,Phishing
127,antitoxicicity.com,ICICI Bank,Phishing
128,tricicidsi.cf,ICICI Bank,Phishing
129,cicici.cz,ICICI Bank,Phishing
130,didicici.com,ICICI Bank,Phishing
131,biciciti.es,ICICI Bank,Phishing
132,lechicicingcookie.com,ICICI Bank,Phishing
133,icicinstitute.in,ICICI Bank,Phishing
134,apps.cicink.com,ICICI Bank,Phishing
135,icicicareers.co.ca,ICICI Bank,Phishing
136,cicicicici.com,ICICI Bank,Phishing
137,ipartnerext.cicilombard.com,ICICI Bank,Phishing
138,icicibank.com.mcas-gov.ms,ICICI Bank,Phishing
139,icicibankltd.com.admin-mcas-gov.ms,ICICI Bank,Phishing
140,icicibankltd.com.mcas-gov.ms,ICICI Bank,Phishing
141,icicidirect.com.admin-mcas-gov.ms,ICICI Bank,Phishing
142,icicidirect.com.mcas-gov.ms,ICICI Bank,Phishing
143,icicifoundation-connect.org,ICICI Bank,Phishing
144,icici.autonetic.com,ICICI Bank,Phishing
145,icici.sreeannaijewels.in,ICICI Bank,Phishing
146,icici.trademantri.in,ICICI Bank,Phishing
147,bk.icicibank.top,ICICI Bank,Phishing
148,es.icicibank.cn,ICICI Bank,Phishing
149,icicilombardhealthcare.com,ICICI Bank,Phishing
150,app.icicibank.top,ICICI Bank,Phishing
151,icici.ezcred.in,ICICI Bank,Phishing
152,icicibank.customlinks.appsflyer.com,ICICI Bank,Phishing
153,icicibank.ru,ICICI Bank,Phishing
154,icicihfc.ph,ICICI Bank,Phishing
155,icicihfc.vg,ICICI Bank,Phishing
156,icicihfc.watches,ICICI Bank,Phishing
157,icicici.in,ICICI Bank,Phishing
158,cicici.co,ICICI Bank,Phishing
159,cicici.site,ICICI Bank,Phishing
160,chicicity.co.uk,ICICI Bank,Phishing
161,tricicinexpo.tk,ICICI Bank,Phishing
162,ww1.cictbank.com,ICICI Bank,Phishing
163,iciciland.com,ICICI Bank,Phishing
164,yicici.space,ICICI Bank,Phishing
165,wiicicir.gq,ICICI Bank,Phishing
166,ucicicillf.ga,ICICI Bank,Phishing
167,ricici.cn,ICICI Bank,Phishing
168,cicici.com,ICICI Bank,Phishing
169,viciciv.com,ICICI Bank,Phishing
170,icici.ru,ICICI Bank,Phishing
171,icicihizins.de,ICICI Bank,Phishing
172,dodicicicli.it,ICICI Bank,Phishing
173,icicine.cm,ICICI Bank,Phishing
174,uzdrowiciciel.pl,ICICI Bank,Phishing
175,apiicici.com,ICICI Bank,Phishing
176,bibicici.it,ICICI Bank,Phishing
177,icicisapawixa.gq,ICICI Bank,Phishing
178,ixacicicig.ga,ICICI Bank,Phishing
179,lelicicisi.tk,ICICI Bank,Phishing
180,lycicicimivi.cf,ICICI Bank,Phishing
181,micicixasilaje.cf,ICICI Bank,Phishing
182,bicici.eu,ICICI Bank,Phishing
183,picici.ro,ICICI Bank,Phishing
184,adicicisig.gq,ICICI Bank,Phishing
185,chicicitira.monster,ICICI Bank,Phishing
186,cicicircular.eu,ICICI Bank,Phishing
187,dicici.ml,ICICI Bank,Phishing
188,ficicilar.com.tr,ICICI Bank,Phishing
189,kikicici.com,ICICI Bank,Phishing
190,itumicicitnan.cf,ICICI Bank,Phishing
191,riciciu.ml,ICICI Bank,Phishing
192,jicicidu.cf,ICICI Bank,Phishing
193,apiliciviciciki.cf,ICICI Bank,Phishing
194,ijicicipylid.ga,ICICI Bank,Phishing
195,sicicilsym.gq,ICICI Bank,Phishing
196,zicici.ml,ICICI Bank,Phishing
197,bybiciciniqa.ga,ICICI Bank,Phishing
198,quicicisoun.tk,ICICI Bank,Phishing
199,geltticicilwi.tk,ICICI Bank,Phishing
200,clicicictan.ml,ICICI Bank,Phishing
201,zekicici.com,ICICI Bank,Phishing
202,medicicircle.com,ICICI Bank,Phishing
203,bilalbicici.com.tr,ICICI Bank,Phishing
204,clicici.ca,ICICI Bank,Phishing
205,bicicleta-lujo.com,ICICI Bank,Phishing
206,bicicletas.xyz,ICICI Bank,Phishing
207,ns1.ciclope.net,ICICI Bank,Phishing
208,ilciciftligi.com.tr,ICICI Bank,Phishing
209,minicici.cn,ICICI Bank,Phishing
210,icicin.gq,ICICI Bank,Phishing
211,atproficicicna.tk,ICICI Bank,Phishing
212,ticici.cf,ICICI Bank,Phishing
213,ciccciciciccicicccii.ga,ICICI Bank,Phishing
214,cicicicicici.com,ICICI Bank,Phishing
215,icicledid.com,ICICI Bank,Phishing
216,miciclo.com,ICICI Bank,Phishing
217,tipici.club,ICICI Bank,Phishing
218,i-cicle.com,ICICI Bank,Phishing
219,ns01.bicicletasuperprestigio.com,ICICI Bank,Phishing
220,ns02.bicicletesportocolom.com,ICICI Bank,Phishing
221,ns01.ciclosteo.com,ICICI Bank,Phishing
222,bicicletasushuaia.com,ICICI Bank,Phishing
223,ns01.bicicletastribiker.com,ICICI Bank,Phishing
224,ns01.bicicletasmundopedal.com,ICICI Bank,Phishing
225,biciclasificados.com,ICICI Bank,Phishing
226,ns01.bicicletastope.com,ICICI Bank,Phishing
227,bicicletachopper.com,ICICI Bank,Phishing
228,lcicllc.com,ICICI Bank,Phishing
229,bicicletasbosqueysalud.com,ICICI Bank,Phishing
230,aicici.cn,ICICI Bank,Phishing
231,uicici.com,ICICI Bank,Phishing
232,labicicleta.co.uk,ICICI Bank,Phishing
233,bicicleta-electrica-usada.store,ICICI Bank,Phishing
234,bicicletas-electricas.online,ICICI Bank,Phishing
235,bicicleta-electrica-segunda-mano.online,ICICI Bank,Phishing
236,bicicims.com,ICICI Bank,Phishing
237,riciclidea.org,ICICI Bank,Phishing
238,cixibank.cn,ICICI Bank,Phishing
239,cicicici.org,ICICI Bank,Phishing
240,cicici.org,ICICI Bank,Phishing
241,ezgificici.com,ICICI Bank,Phishing
242,bicici.gen.tr,ICICI Bank,Phishing
243,ciciba.info,ICICI Bank,Phishing
244,cicifosilcici.shop,ICICI Bank,Phishing
245,ciibank.pl,ICICI Bank,Phishing
246,jicici.com,ICICI Bank,Phishing
247,micici.fr,ICICI Bank,Phishing
248,dicici.com,ICICI Bank,Phishing
249,cicici.store,ICICI Bank,Phishing
250,micicipi.com,ICICI Bank,Phishing
251,micicipii.com,ICICI Bank,Phishing
252,yenigibicici.com,ICICI Bank,Phishing
253,kiciciap.shop,ICICI Bank,Phishing
254,yenigibicici.xyz,ICICI Bank,Phishing
255,bnpparibasbicici.com,ICICI Bank,Phishing
256,icicipi.top,ICICI Bank,Phishing
257,makasicici.com,ICICI Bank,Phishing
258,cicici.id,ICICI Bank,Phishing
259,mimicicicaketng.com,ICICI Bank,Phishing
260,tistdetelicici.tk,ICICI Bank,Phishing
261,falicici.online,ICICI Bank,Phishing
262,undiciclo.com,ICICI Bank,Phishing
263,iciclestraw.com,ICICI Bank,Phishing
264,riciclamente.com,ICICI Bank,Phishing
265,gokcebicici.com,ICICI Bank,Phishing
266,iciciea.com,ICICI Bank,Phishing
267,bicici.online,ICICI Bank,Phishing
268,bicici.net,ICICI Bank,Phishing
269,aicicia.se,ICICI Bank,Phishing
270,aicicia.com,ICICI Bank,Phishing
271,aicicia.art,ICICI Bank,Phishing
272,juicici.campsite.bio,ICICI Bank,Phishing
273,uwicicis.myhostpoint.ch,ICICI Bank,Phishing
274,aicicicici.repl.co,ICICI Bank,Phishing
275,citicicifulworl.tk,ICICI Bank,Phishing
276,hepsicici.com.polkaconnect.com,ICICI Bank,Phishing
277,spiciciden.ga,ICICI Bank,Phishing
278,otticicio.com,ICICI Bank,Phishing
279,icbank.net,ICICI Bank,Phishing
280,cibcbank.net,ICICI Bank,Phishing
281,artebicicitytours.com,ICICI Bank,Phishing
282,versdicici.gq,ICICI Bank,Phishing
283,simplicicity.de,ICICI Bank,Phishing
284,arcticicicles.com,ICICI Bank,Phishing
285,juicici.store,ICICI Bank,Phishing
286,tunaicicilan.com,ICICI Bank,Phishing
287,nesibebicici.com,ICICI Bank,Phishing
288,prodottitipiciciociari.it,ICICI Bank,Phishing
289,ticicity.com,ICICI Bank,Phishing
290,omicicintufar.tk,ICICI Bank,Phishing
291,dicic.link,ICICI Bank,Phishing
292,bicicletaspara.info,ICICI Bank,Phishing
293,lokvicici.hippocamp.eu,ICICI Bank,Phishing
294,tranaficicil.tk,ICICI Bank,Phishing
295,8maysite2-ozficici.me,ICICI Bank,Phishing
296,mimicicicake.com,ICICI Bank,Phishing
297,mimicicicake.com.kueulangtahunbogor.com,ICICI Bank,Phishing
298,cicicircular.com,ICICI Bank,Phishing
299,licicis.com,ICICI Bank,Phishing
300,onariciciftci.com,ICICI Bank,Phishing
301,meokicicit.tk,ICICI Bank,Phishing
302,quicicidi.cf,ICICI Bank,Phishing
303,iciciconverse.byteprophecy.accenture.com,ICICI Bank,Phishing
304,ww01.citibank.com.in,ICICI Bank,Phishing
305,micicipi.ir,ICICI Bank,Phishing
306,custmail.icicibank.com.mcas.ms,ICICI Bank,Phishing
307,cvicicizralok.com,ICICI Bank,Phishing
308,iciciacs.com,ICICI Bank,Phishing
309,autoconfig.ciciprulife.com/,ICICI Bank,Phishing
310,cicicity.com,ICICI Bank,Phishing
311,firstdataicici.magecomp.org,ICICI Bank,Phishing
312,bankicici.wuaze.com/?i=1,ICICI Bank,Phishing
313,blicicil.app,ICICI Bank,Phishing
314,yurticicicekcilik.online,ICICI Bank,Phishing
315,drvelicicimen.com,ICICI Bank,Phishing
316,argold-icici.aerele.in,ICICI Bank,Phishing
317,icicibudgeting.magitt.com,ICICI Bank,Phishing
318,nesibebiciciart.com,ICICI Bank,Phishing
319,icici-lombardhelpdocs.cogdam.com,ICICI Bank,Phishing
320,yurticicicekcilik.com,ICICI Bank,Phishing
321,icbank.cc,ICICI Bank,Phishing
322,themusicicityaccball.org,ICICI Bank,Phishing
323,ww01.cidibank.com,ICICI Bank,Phishing
324,uaticici.aalroot.com,ICICI Bank,Phishing
325,umanerficicin.tk,ICICI Bank,Phishing
326,dicici.net,ICICI Bank,Phishing
327,cicici.vip,ICICI Bank,Phishing
328,ccbank.online,ICICI Bank,Phishing
329,vaicicigroup.net,ICICI Bank,Phishing
330,centriacusticicisento.it,ICICI Bank,Phishing
331,dev-icici.pantheonsite.io/,ICICI Bank,Phishing
332,infinity.icicibank.com.mcas.ms/,ICICI Bank,Phishing
333,biciciotomotivkonya.com,ICICI Bank,Phishing
334,icici.creditmonitor.info,ICICI Bank,Phishing
335,icici.bank.co.in/,ICICI Bank,Phishing
336,ricici.com,ICICI Bank,Phishing
337,janicici.com,ICICI Bank,Phishing
338,dodicicilindri.com,ICICI Bank,Phishing
339,idicicihe.shop,ICICI Bank,Phishing
340,jidicicicixidiiddi.one,ICICI Bank,Phishing
341,quizsilver.com/icici-bank-pay-direct-card-customer-care-number,ICICI Bank,Phishing
342,uicicifmre.ewefvo.homes,ICICI Bank,Phishing
343,icici.sworks.co.in,ICICI Bank,Phishing
344,weicicizhuan.com,ICICI Bank,Phishing
345,pipicici.com,ICICI Bank,Phishing
346,oembrand.com/icici-bank-i-safe-application,ICICI Bank,Phishing
347,icicis.cis.asu.edu.eg,ICICI Bank,Phishing
348,dicicilaja.info,ICICI Bank,Phishing
349,cicici.altervista.org,ICICI Bank,Phishing
350,mimicici-qc.direct.quickconnect.to,ICICI Bank,Phishing
351,lvicicira.shop,ICICI Bank,Phishing
352,shicici.com,ICICI Bank,Phishing
353,bodhicici.com,ICICI Bank,Phishing
354,aicicill.com,ICICI Bank,Phishing
355,xicici.cn,ICICI Bank,Phishing
356,klicici.com,ICICI Bank,Phishing
357,bicicihukuk.com,ICICI Bank,Phishing
358,eticicibebe.com,ICICI Bank,Phishing
359,cicicil.sbs,ICICI Bank,Phishing
360,iciciyvao.shop,ICICI Bank,Phishing
361,mybicici.com,ICICI Bank,Phishing
362,apartmenticici.com,ICICI Bank,Phishing
363,leoagarbatti.icicirud.com,ICICI Bank,Phishing
364,micicipi.ruk.eug.store.mx0.edushophk.com,ICICI Bank,Phishing
365,ficicioglu.de,ICICI Bank,Phishing
366,denicici.direct.quickconnect.to,ICICI Bank,Phishing
367,dramaiciciari.com,ICICI Bank,Phishing
368,credit-auto-bicici.com,ICICI Bank,Phishing
369,lokvicici.iptvsmart.eu,ICICI Bank,Phishing
370,micicipi.top,ICICI Bank,Phishing
371,de.xixizizicici.store,ICICI Bank,Phishing
372,chickibank.au,ICICI Bank,Phishing
373,democraticicivici.it,ICICI Bank,Phishing
374,nam.simntit.nicici.adata.in,ICICI Bank,Phishing
375,polatbicici.com,ICICI Bank,Phishing
376,polatbicici.online,ICICI Bank,Phishing
377,polatbicici.xyz,ICICI Bank,Phishing
378,kwikid.kyc.priv.icici.getkwikid.com,ICICI Bank,Phishing
379,ycfguneskiricicit.com,ICICI Bank,Phishing
380,cicicici.direct.quickconnect.to,ICICI Bank,Phishing
381,bicici.croatia.topdestination.it,ICICI Bank,Phishing
382,icicrts.in/,ICICI Bank,Phishing
383,geciktiricici.palgat.com,ICICI Bank,Phishing
384,daodaocicicishang2866.top,ICICI Bank,Phishing
385,gameicicie.com,ICICI Bank,Phishing
386,iddia-bicici-be.arolitec.com,ICICI Bank,Phishing
387,wicicio1.pro,ICICI Bank,Phishing
388,icbcbank.ru,ICICI Bank,Phishing
389,cacibank.com,ICICI Bank,Phishing
390,bicicimum.com.tr,ICICI Bank,Phishing
391,zicicip-157-89.df.gov.br,ICICI Bank,Phishing
392,lokvicici.travellove.eu,ICICI Bank,Phishing
393,bicici.croatia.topdestination.de,ICICI Bank,Phishing
394,suryaticici32.erwinnila123.my.id,ICICI Bank,Phishing
395,optifiiicicidev.betadelivery.com,ICICI Bank,Phishing
396,kiciciuchy.pl,ICICI Bank,Phishing
397,cibcbank.me,ICICI Bank,Phishing
398,icbcbank.top,ICICI Bank,Phishing
399,icicity.com,ICICI Bank,Phishing
400,my.micicipi.ru,ICICI Bank,Phishing
401,ciciciciciic.altervista.org,ICICI Bank,Phishing
402,imap.egicici.com,ICICI Bank,Phishing
403,bicicita.bitlen.com,ICICI Bank,Phishing
404,www.icichfc.com,ICICI Bank,Phishing
405,ww16.pujicicixu.suplikasro.cz,ICICI Bank,Phishing
406,labicicicletta.ch,ICICI Bank,Phishing
407,articicial-grass.click,ICICI Bank,Phishing
408,milicicity.forumh.net,ICICI Bank,Phishing
409,icicibankbizcircle.raovat9s.com,ICICI Bank,Phishing
410,delicici.com,ICICI Bank,Phishing
411,epicicious.com,ICICI Bank,Phishing
412,closdevicici.crm8.dynaics.com,ICICI Bank,Phishing
413,icicib.com.mintvalley.com,ICICI Bank,Phishing
414,licici.cn,ICICI Bank,Phishing
415,portal.cicidirect.com,ICICI Bank,Phishing
416,icbcbank.com.cn,ICICI Bank,Phishing
417,bicicita.greenhub.es,ICICI Bank,Phishing
418,ilicicimpiesnertz.online,ICICI Bank,Phishing
419,ecanivicici.arab-spam.com,ICICI Bank,Phishing
420,mimicici-qc.direct.quickconnect.cn,ICICI Bank,Phishing
421,la.dicicion.mia.es,ICICI Bank,Phishing
422,mengzhicici.5ddd.com,ICICI Bank,Phishing
423,a.mx.icicibank.in,ICICI Bank,Phishing
424,uaticicifadminapi.mgrant.in,ICICI Bank,Phishing
425,miglioribicicitta.altervista.org,ICICI Bank,Phishing
426,caricicijitu.store,ICICI Bank,Phishing
427,caricicijitu.xyz,ICICI Bank,Phishing
428,spicicisma.com,ICICI Bank,Phishing
429,icici-tourism.com,ICICI Bank,Phishing
430,crmapi.icicirise.com,ICICI Bank,Phishing
431,dodicicinque.com,ICICI Bank,Phishing
432,pejuangjpgacor.vip.prediksicici.xyz,ICICI Bank,Phishing
433,icici-ecollect-prod.flamingotravels.co.in,ICICI Bank,Phishing
434,lokvicici.hr,ICICI Bank,Phishing
435,cicici.ggff.net,ICICI Bank,Phishing
436,bogazicicimento.com,ICICI Bank,Phishing
437,plasticicicles.com,ICICI Bank,Phishing
438,ld-icici.toss4u.com,ICICI Bank,Phishing
439,ficicilar.com,ICICI Bank,Phishing
440,icicipointin.sbs/I,ICICI Bank,Phishing
441,alicici.cn,ICICI Bank,Phishing
442,biciciclismo.com,ICICI Bank,Phishing
443,icicirtgsbcob.bhagyodayabank.com,ICICI Bank,Phishing
444,pinarficici.xyz,ICICI Bank,Phishing
445,iciciapi.lyra-network.in,ICICI Bank,Phishing
446,pinarficici.com.tr,ICICI Bank,Phishing
447,chuaicici.cn,ICICI Bank,Phishing
448,bogaziciciftlik.com,ICICI Bank,Phishing
449,onicici.info,ICICI Bank,Phishing
450,viveplata.com.huicicilagold.com,ICICI Bank,Phishing
451,cicicici.synology.me,ICICI Bank,Phishing
452,icicic.carreers.com,ICICI Bank,Phishing
453,poshn-icici-uat-stage.poshn.app,ICICI Bank,Phishing
454,icicivd.xyzb.netww.22fd810e.nip.io,ICICI Bank,Phishing
455,bicicinet.gslb-off.wealthmanagement.cz,ICICI Bank,Phishing
456,testicicipg.store,ICICI Bank,Phishing
457,bicici.bmm.in,ICICI Bank,Phishing
458,icicimov.rents.ws,ICICI Bank,Phishing
459,ww25.icici.myclassbord.com,ICICI Bank,Phishing
460,cicici.dpdns.org,ICICI Bank,Phishing
461,ozficici.com,ICICI Bank,Phishing
462,picicipo.hu,ICICI Bank,Phishing
463,jogroun-0.weicici.net,ICICI Bank,Phishing
464,aricicichi.direct.quickconnect.to,ICICI Bank,Phishing
465,aricicichi.synology.me,ICICI Bank,Phishing
466,bmwicici.de,ICICI Bank,Phishing
467,icicic.jp,ICICI Bank,Phishing
468,lericicittacreativa.it,ICICI Bank,Phishing
469,gjergjicici.johndoegroup.de,ICICI Bank,Phishing
470,cicici.vskkl.com,ICICI Bank,Phishing
471,cicicilento.de,ICICI Bank,Phishing
472,ivanlovricici.us1.hostry.host,ICICI Bank,Phishing
473,www.iciuser.co.in/,ICICI Bank,Phishing
474,kikicici.cn,ICICI Bank,Phishing
475,notexistsicici.careeers.com,ICICI Bank,Phishing
476,omerbicici.direct.quickconnect.to,ICICI Bank,Phishing
477,rusticiciclecows.mylearndash.com,ICICI Bank,Phishing
478,isidicici.store,ICICI Bank,Phishing
479,aicicinnovative.com,ICICI Bank,Phishing
480,ww1.ciitbank.com,ICICI Bank,Phishing
481,picicicik.startporno.hu,ICICI Bank,Phishing
482,giavicici.asia,ICICI Bank,Phishing
483,lfotpicicibank.coj.me,ICICI Bank,Phishing
484,ww1.ciitbank.co.in,ICICI Bank,Phishing
485,nicicita.ch,ICICI Bank,Phishing
486,pinfo.icici.grop.com,ICICI Bank,Phishing
487,uang-pangkal-bisa-dicicil.depressiond.com,ICICI Bank,Phishing
488,ticici.direct.quickconnect.to,ICICI Bank,Phishing
489,panificicialoni.it,ICICI Bank,Phishing
490,clicici.chateauduvice.com,ICICI Bank,Phishing
491,batuhanficici.com,ICICI Bank,Phishing
492,dicicipua.cdnapp.net,ICICI Bank,Phishing
493,console.icici.buildint.co,ICICI Bank,Phishing
494,levgreen.com.ua/icici/info.htm,ICICI Bank,Phishing
495,icicibanktitaniumcard.in,ICICI Bank,Phishing
496,myicicibank.in,ICICI Bank,Phishing
497,icicibankhomeloan.in,ICICI Bank,Phishing
498,hicicie.com,ICICI Bank,Phishing
499,icicibanksip.in,ICICI Bank,Phishing
500,icicicardoffer.info,ICICI Bank,Phishing
501,iciinnovations.org,ICICI Bank,Phishing
502,hvkn4feaq6ic1cihhbg80ncmghh58116.com,ICICI Bank,Phishing
503,icicta.com,ICICI Bank,Phishing
504,onicici.com,ICICI Bank,Phishing
505,icicibanking.org/,ICICI Bank,Phishing
506,lclclbank.ng,ICICI Bank,Phishing
507,icicapitalllc.com,ICICI Bank,Phishing
508,icic.bet,ICICI Bank,Phishing
509,www.sandbox-superset.iciciprulife.co/,ICICI Bank,Phishing
510,icicic.org,ICICI Bank,Phishing
511,icici-world.com,ICICI Bank,Phishing
512,icicipersonalloan.doodlekit.com,ICICI Bank,Phishing
513,safimoneytransfer.com,ICICI Bank,Phishing
514,57e0d8d2686c.mail.iciciprulife.co/,ICICI Bank,Phishing
515,iciciloans.com,ICICI Bank,Phishing
516,iciciconcepts.com,ICICI Bank,Phishing
517,icicbet.com,ICICI Bank,Phishing
518,icicisecurities.vip,ICICI Bank,Phishing
519,icici-investment.com,ICICI Bank,Phishing
520,selma-bicici.net,ICICI Bank,Phishing
521,selma-bicici.com,ICICI Bank,Phishing
522,dolmetscher-bicici.com,ICICI Bank,Phishing
523,ccicicilod.com,ICICI Bank,Phishing
524,cicicicicici.cn,ICICI Bank,Phishing
525,icicilbank.sbs,ICICI Bank,Phishing
526,icicillbank.cc,ICICI Bank,Phishing
527,icicibanlk.com,ICICI Bank,Phishing
528,aaadvantage.io,ICICI Bank,Phishing
529,scifidubai.com,ICICI Bank,Phishing
530,iiainfotech.com,ICICI Bank,Phishing
531,rcipromotions.com,ICICI Bank,Phishing
532,dmpromotion.com,ICICI Bank,Phishing
533,lalpuricicibank.com,ICICI Bank,Phishing
534,icici.crediwatch.org,ICICI Bank,Phishing
535,icicibanksales.in,ICICI Bank,Phishing
536,800e3e8e5b30.ngrok.io/icici/index.html,ICICI Bank,Phishing
537,ici.cibank.com,ICICI Bank,Phishing
538,icic.ibank.com,ICICI Bank,Phishing
539,icici.bank.com,ICICI Bank,Phishing
540,iciciba.nk.com,ICICI Bank,Phishing
541,icicimoney2india.com,ICICI Bank,Phishing
542,bank-icici.cyou,ICICI Bank,Phishing
543,cicbank.finance/,ICICI Bank,Phishing
544,mx7.icicibanklogin.com,ICICI Bank,Phishing
545,videokyc.icicibsnk.com/,ICICI Bank,Phishing
546,icicin.net,ICICI Bank,Phishing
547,icicin.ch,ICICI Bank,Phishing
548,iciclo.com,ICICI Bank,Phishing
549,cicici.xin,ICICI Bank,Phishing
550,4ward25.com/icici-bank-demat-services-application-for-closure-of-demat-account,ICICI Bank,Phishing
551,zicici.com/,ICICI Bank,Phishing
552,www.moviez.ml/spp/auth/cib-infinity.icicibank.co.in/NetbankingUpdateSession/Ret.userBANKAWAY/,ICICI Bank,Phishing
553,www.moviez.ml/spp/cib-infinity.icicibank.co.in/NetbankingUpdateSession/Ret.userBANKAWAY/,ICICI Bank,Phishing
554,iciciaccount.com,ICICI Bank,Phishing
555,icicibankestatement.com,ICICI Bank,Phishing
556,icicibankmerchant.com,ICICI Bank,Phishing
557,icicibanknriservices.com,ICICI Bank,Phishing
558,icicihfcfd.com,ICICI Bank,Phishing
559,onlineicicibank.com,ICICI Bank,Phishing
560,icico.xyz,ICICI Bank,Phishing
561,icicin.org,ICICI Bank,Phishing
562,icicin.biz,ICICI Bank,Phishing
563,bit.ly/icici-india-banking_app,ICICI Bank,Phishing
564,icici.candlesrider.com/,ICICI Bank,Phishing
565,icicin.eu,ICICI Bank,Phishing
566,icici.figo.in,ICICI Bank,Phishing
567,icicingenieria.com,ICICI Bank,Phishing
568,cicici.cn,ICICI Bank,Phishing
569,icicicarrier.com,ICICI Bank,Phishing
570,icici.securehostdns.com,ICICI Bank,Phishing
571,cicici.ci,ICICI Bank,Phishing
572,icicic.cn,ICICI Bank,Phishing
573,icici.sbi.au,ICICI Bank,Phishing
574,xn--ccbank-2vabb.com,ICICI Bank,Phishing
575,xn--ccbank-h8abb.com,ICICI Bank,Phishing
576,xn--ccbank-vvabb.com,ICICI Bank,Phishing
577,loginindusinds.com,ICICI Bank,Phishing
578,indusindslogin.com,ICICI Bank,Phishing
579,icicidirect.finux.com,ICICI Bank,Phishing
580,spocto360-icici.smartcollect.digital,ICICI Bank,Phishing
581,icici.carriers.in,ICICI Bank,Phishing
582,icici.billpro.online/,ICICI Bank,Phishing
583,icicirewardspro.in.ultimacare.in,ICICI Bank,Phishing
584,icici.toll.cust.it,ICICI Bank,Phishing
585,kyc-icicimpocket3385-f6f3ab.online,ICICI Bank,Phishing
586,apps.iciciprupms.com,ICICI Bank,Phishing
587,apicici.com,ICICI Bank,Phishing
588,icicibank.reliablegroupindia.com,ICICI Bank,Phishing
589,icicibank.inifinity.com,ICICI Bank,Phishing
590,iciciservices.fasteasy.in,ICICI Bank,Phishing
591,icici.wrms.com,ICICI Bank,Phishing
592,icici.fastage.com,ICICI Bank,Phishing
593,managecredit.in/icicibank/,ICICI Bank,Phishing
594,icicibank.comvanguard.com,ICICI Bank,Phishing
595,icici-preprod-analytics.thewitslab.com,ICICI Bank,Phishing
596,sklep-detal.elgon.pl/js/icici/info.htm,ICICI Bank,Phishing
597,icicin.online,ICICI Bank,Phishing
598,icicin.info,ICICI Bank,Phishing
599,iciclo.com.br,ICICI Bank,Phishing
600,pop.icicbank.com,ICICI Bank,Phishing
601,ilmds.icicilombard.com.us.cas.ms,ICICI Bank,Phishing
602,ilmds.icicilombard.com.mcas.ms,ICICI Bank,Phishing
603,mailout.ext.icicbank.com,ICICI Bank,Phishing
604,posta.ext.icicbank.com,ICICI Bank,Phishing
605,icici.hmi-tech.in/,ICICI Bank,Phishing
606,gpvpn.icicicbank.com/,ICICI Bank,Phishing
607,ww25.eazypayicicibank.com/,ICICI Bank,Phishing
608,icici.pertsol.com/,ICICI Bank,Phishing
609,icici.nexusi.in/,ICICI Bank,Phishing
610,icicibank.rf.gd/,ICICI Bank,Phishing
611,bicicimimarlik.com/,ICICI Bank,Phishing
612,biciciyapi.com/,ICICI Bank,Phishing
613,icicibanklimitedindia.com/,ICICI Bank,Phishing
614,iccebank.com/,ICICI Bank,Phishing
615,icicicustomercare.in/,ICICI Bank,Phishing
616,gpvpn.icicibannk.com/,ICICI Bank,Phishing
617,www.icicibank-personalloan-bangalore.digiloan.in/,ICICI Bank,Phishing
618,acqweb.iciciank.com/,ICICI Bank,Phishing
619,ww25.icici.myclassboard.co/?subid1=20250629-0225-34b7-8719-e4fd05dd7fe3,ICICI Bank,Phishing
620,icici.flg.in/,ICICI Bank,Phishing
621,tw.icicbank.com/,ICICI Bank,Phishing
622,alumni.icicbank.com/,ICICI Bank,Phishing
623,icici.five.in/,ICICI Bank,Phishing
624,mail.comune.icici-bank.com/,ICICI Bank,Phishing
625,ww35.icicibannk.com/,ICICI Bank,Phishing
626,com.ext.icicbank.com/,ICICI Bank,Phishing
627,icicibank.co.in.familytiessc.com/,ICICI Bank,Phishing
628,icicibankaccounts.com/,ICICI Bank,Phishing
629,bk.icicibanklogin.com/,ICICI Bank,Phishing
630,bnk-en.icicibanklogin.com/,ICICI Bank,Phishing
631,dgw.icicibanklogin.com/,ICICI Bank,Phishing
632,ww17.w.icicibanklogin.com/,ICICI Bank,Phishing
633,ww25.autodiscover.icicibank.co/,ICICI Bank,Phishing
634,www.icicibankpersonalloanbangalore.digitloan.in/,ICICI Bank,Phishing
635,iccank.net/,ICICI Bank,Phishing
636,icici.dev.sharajman.com/,ICICI Bank,Phishing
637,icicicic.cn,ICICI Bank,Phishing
638,icici.kudosfinance.in,ICICI Bank,Phishing
639,icici.cdotbihar.org,ICICI Bank,Phishing
640,icicibank.nu,ICICI Bank,Phishing
641,cici.city,ICICI Bank,Phishing
642,cicici.net,ICICI Bank,Phishing
643,icicibankltd.ph,ICICI Bank,Phishing
644,demo.icicihfc.gravithy.com,ICICI Bank,Phishing
645,foreveryoung.vip,ICICI Bank,Phishing
646,advantage.finance,ICICI Bank,Phishing
647,icicibank-data.pilotlogistics.com,ICICI Bank,Phishing
648,nlnlkicicibank-staging.kaluga24.tv,ICICI Bank,Phishing
649,icicci.com,ICICI Bank,Phishing
650,iciclient.com,ICICI Bank,Phishing
651,icicibnk.ae,ICICI Bank,Phishing
652,icic.r.top/in,ICICI Bank,Phishing
653,icici-lombard.fm/,ICICI Bank,Phishing
654,icici-lombard.la/,ICICI Bank,Phishing
655,icicudirect.co/,ICICI Bank,Phishing
656,icicidirect.me,ICICI Bank,Phishing
657,icividirect.com,ICICI Bank,Phishing
658,icicldirect.co/,ICICI Bank,Phishing
659,iclcidirect.co/,ICICI Bank,Phishing
660,ivicidirect.com/,ICICI Bank,Phishing
661,icicidireft.co/,ICICI Bank,Phishing
662,dsaicicibank.com/,ICICI Bank,Phishing
663,foreveryoung.recipes,ICICI Bank,Phishing
664,qkns-icici-prod1-centralindia-01.regional.azure-api.net,ICICI Bank,Phishing
665,qkns-icici-prod1.configuration.azure-api.net,ICICI Bank,Phishing
666,icicilombardgeneral.com,ICICI Bank,Phishing
667,qkns-icici-prod1.management.azure-api.net,ICICI Bank,Phishing
668,qkns-icici-prod1.portal.azure-api.net,ICICI Bank,Phishing
669,qkns-icici-prod1.scm.azure-api.net,ICICI Bank,Phishing
670,qkns-icici-prod1.unique.azure-api.net,ICICI Bank,Phishing
671,qkns-icici-prod1.unique.developer.azure-api.net,ICICI Bank,Phishing
672,eiciciportal.loginsupport.in/,ICICI Bank,Phishing
673,universal-api-dot-icicibank-c4m.appspot.com/,ICICI Bank,Phishing
674,icicibankconnect.co,ICICI Bank,Phishing
675,icicilombardoverseastravelinsurance.ooo,ICICI Bank,Phishing
676,icicilombard24x7.ooo,ICICI Bank,Phishing
677,icicibankonnect.in,ICICI Bank,Phishing
678,icici.cc,ICICI Bank,Phishing
679,icici.manjusree.com,ICICI Bank,Phishing
680,icicibanksales.com,ICICI Bank,Phishing
681,icicihfc.foxboxrewards.com/,ICICI Bank,Phishing
682,icicibanknet.com,ICICI Bank,Phishing
683,icicibankpaytm.com/,ICICI Bank,Phishing
684,icicibank.bo/,ICICI Bank,Phishing
685,hussam22icici.website/,ICICI Bank,Phishing
686,icicicorporatebanking.co.in/,ICICI Bank,Phishing
687,encryption-icicibank.snnhbdwfk.ru,ICICI Bank,Phishing
688,icicimaster.kittybloger.strutlearning.com,ICICI Bank,Phishing
689,icicibank.cardservice.in,ICICI Bank,Phishing
690,cicibnk.online,ICICI Bank,Phishing
691,icicilombardtravel.com,ICICI Bank,Phishing
692,icici.git.gitlab.git.git.winetrove.co.uk/,ICICI Bank,Phishing
693,icici.platinum.cc,ICICI Bank,Phishing
694,icici.indiafilings.com,ICICI Bank,Phishing
695,accounts.icici.eximfiles.io,ICICI Bank,Phishing
696,icici.bankifsccode.finance,ICICI Bank,Phishing
697,assets.icicibank.com.mcas.ms,ICICI Bank,Phishing
698,assets.icicibank.com.admin-mcas.ms,ICICI Bank,Phishing
699,icici-icici-stagingproxy.cloud.sitefinity.com/,ICICI Bank,Phishing
700,iciciservices.dspfastrecharge.com/,ICICI Bank,Phishing
701,bk.ciibank.de,ICICI Bank,Phishing
702,icici.luxindustries.com,ICICI Bank,Phishing
703,icici.fanz.in,ICICI Bank,Phishing
704,icicibank-staging.kinokong.cc,ICICI Bank,Phishing
705,howtoredeemicicicreditcardrewardpointsonline.ml,ICICI Bank,Phishing
706,eest.in/.infinitycib-icicibank.in/updatesession/Bankaway/,ICICI Bank,Phishing
707,www.surcation.com/infinitycib-icicibank.co.in/updatesession/Bankaway,ICICI Bank,Phishing
708,icicit.cn,ICICI Bank,Phishing
709,oticicith.ml,ICICI Bank,Phishing
710,iscconline.com,ICICI Bank,Phishing
711,mobileicicibank.com/,ICICI Bank,Phishing
712,comicicidirect.com/,ICICI Bank,Phishing
713,iciciauction.com/,ICICI Bank,Phishing
714,icicit.net,ICICI Bank,Phishing
715,icicivehichleinsurance.com/,ICICI Bank,Phishing
716,icicibankhyd.com/,ICICI Bank,Phishing
717,icibank.org/,ICICI Bank,Phishing
718,2icicibank.com/,ICICI Bank,Phishing
719,clicici.net/,ICICI Bank,Phishing
720,icicibank-vip.top,ICICI Bank,Phishing
721,icici.cn/,ICICI Bank,Phishing
722,icicigroup.com.cn/,ICICI Bank,Phishing
723,icicigroup.cn/,ICICI Bank,Phishing
724,aicici.org/,ICICI Bank,Phishing
725,icicilombardmails.com/,ICICI Bank,Phishing
726,icici3a.xyz/,ICICI Bank,Phishing
727,icicismartcard.com/,ICICI Bank,Phishing
728,icicibankstatements.in/,ICICI Bank,Phishing
729,icicibank.infonity.com,ICICI Bank,Phishing
730,iciciba.comk.com/,ICICI Bank,Phishing
731,icici.evolvewebinfo.in/,ICICI Bank,Phishing
732,icicibank.razorpa.com/,ICICI Bank,Phishing
733,icici.squareoffbots.com/,ICICI Bank,Phishing
734,icici.masterpay.pro/,ICICI Bank,Phishing
735,icici.gatisofttech.com/,ICICI Bank,Phishing
736,icicibank.dev.test4wd.com/,ICICI Bank,Phishing
737,icici.infomedha.in,ICICI Bank,Phishing
738,icicibank.infomedha.in,ICICI Bank,Phishing
739,icici.ariticapp.com,ICICI Bank,Phishing
740,icici.nom.za,ICICI Bank,Phishing
741,iciciadcampagin.dhanyogis.com,ICICI Bank,Phishing
742,visiticici.com,ICICI Bank,Phishing
743,nearshopicici.nearshopping.org,ICICI Bank,Phishing
744,customercareicicibank.in,ICICI Bank,Phishing
745,icicilombard.tw,ICICI Bank,Phishing
746,cic-bank.com,ICICI Bank,Phishing
747,mail-icicibank.co.in,ICICI Bank,Phishing
748,cicicim.com,ICICI Bank,Phishing
749,iciciloan.ubona.com/,ICICI Bank,Phishing
750,www.icicibank-staging.la2-univer.ru,ICICI Bank,Phishing
751,icicibank.mytruebank.com/,ICICI Bank,Phishing
752,icicibankhome.in,ICICI Bank,Phishing
753,icicibankindia.co.in,ICICI Bank,Phishing
754,icici.pro,ICICI Bank,Phishing
755,campaign-icicibanksmartech-54938-583899-16329857-raghavendra.dm,ICICI Bank,Phishing
756,icicibankfinance.co.in,ICICI Bank,Phishing
757,icicibank.solutions,ICICI Bank,Phishing
758,vultrtechnologies.com/icici-bank-credit-card-bill-statement,ICICI Bank,Phishing
759,cappicicipi.my.id,ICICI Bank,Phishing
760,gohighlevel.blog/icici-bank-travel-card-online-statement,ICICI Bank,Phishing
761,bit.ly/icicicb,ICICI Bank,Phishing
762,staging.cicd.iciciprulife.co/,ICICI Bank,Phishing
763,m.api.icicicdirect.com/,ICICI Bank,Phishing
764,ilmuse.icicilombard.co/,ICICI Bank,Phishing
765,test.ams.iciciprulife.co/,ICICI Bank,Phishing
766,diciciy.com/,ICICI Bank,Phishing
767,icici.banklocationmaps.fr,ICICI Bank,Phishing
768,ccbank.xyz,ICICI Bank,Phishing
769,icici20241104.nbupaymentsvendorcerts.com,ICICI Bank,Phishing
770,myicicilombard.zapto.xyz,ICICI Bank,Phishing
771,obuk-api-iciciuk.macroiglobal.co.uk,ICICI Bank,Phishing
772,icicibank.com.co,ICICI Bank,Phishing
773,icibank.in,ICICI Bank,Phishing
774,icicilombard-smr.in.anandvanresidency.com,ICICI Bank,Phishing
775,findresultsonline.com/?dn=icicbank.com&rg=468235&_slsen=1,ICICI Bank,Phishing
776,icici.ttus.co.in,ICICI Bank,Phishing
777,iyfbodn.com/?dn=iciciidrect.com&pbsubid=22323f1b-2f5e-49fc-9a9b-97a24d01ed26&pid=9POT3387I,ICICI Bank,Phishing
778,icicipg.ms,ICICI Bank,Phishing
779,payicici.royalstarglobaltrust.com,ICICI Bank,Phishing
780,cicicici.direct.quickconnect.cn,ICICI Bank,Phishing
781,ww25.careericici.com,ICICI Bank,Phishing
782,www.myrewardscredit.in/icici,ICICI Bank,Phishing
783,icici.next.co.in,ICICI Bank,Phishing
784,cicici.us.kg/,ICICI Bank,Phishing
785,icici-retail.hod.life/,ICICI Bank,Phishing
786,test.app.icicibamk.com/,ICICI Bank,Phishing
787,ww17.api.icicibamk.com/,ICICI Bank,Phishing
788,dev.admin.iciciproperties.com/,ICICI Bank,Phishing
789,gisinfotech.net,ICICI Bank,Phishing
790,cicici.autocode.gg,ICICI Bank,Phishing
791,cicicicicici.direct.quickconnect.to,ICICI Bank,Phishing
792,icici.dsi.dev,ICICI Bank,Phishing
793,fficici.payuat.com,ICICI Bank,Phishing
794,returnicici.qtechsoftware.com,ICICI Bank,Phishing
795,tmcicici.com,ICICI Bank,Phishing
796,beicicimagto.ml,ICICI Bank,Phishing
797,rewardsclaim.in/,ICICI Bank,Phishing
798,icicidirect.blogspot.tw,ICICI Bank,Phishing
799,icici-upi.1automations.com,ICICI Bank,Phishing
800,icicibank.career.ca,ICICI Bank,Phishing
801,icici.billingbooster.com,ICICI Bank,Phishing
802,icici.storyloyalty.com,ICICI Bank,Phishing
803,icicihealth.com,ICICI Bank,Phishing
804,hostmaster.icicicareer.com,ICICI Bank,Phishing
805,icici.digitify.app,ICICI Bank,Phishing
806,ucjdficicibank3820.molly.gpinfo.eu,ICICI Bank,Phishing
807,icicibankltd.masterjp-thebest.shop,ICICI Bank,Phishing
808,icici.banklocationmaps.in,ICICI Bank,Phishing
809,icici.bank.cariar.com,ICICI Bank,Phishing
810,icici-share-login.loginiiportal.com,ICICI Bank,Phishing
811,ww11.icicibankbizcircle.taolu.lol,ICICI Bank,Phishing
812,icici.foudation.org,ICICI Bank,Phishing
813,icici.com.es,ICICI Bank,Phishing
814,icici-uat.goldbee.in,ICICI Bank,Phishing
815,icici.carer.com,ICICI Bank,Phishing
816,icici.exam.org,ICICI Bank,Phishing
817,icicibankk.cc,ICICI Bank,Phishing
818,icicibankclaimreward-icicibank.eservicemoi-govkw.com,ICICI Bank,Phishing
819,icicisecurities.in-com.org,ICICI Bank,Phishing
820,icicibankltd-my.sharepoint.com/personal/844393_icicibank_com/,ICICI Bank,Phishing
821,icicibankltd.sharepoint.com/sites/tigconfluence/RIBSupport/SitePages/DEH,ICICI Bank,Phishing
822,campaign-icicibanksmartech-54938-581889-53729628-dayanand.th,ICICI Bank,Phishing
823,campaign-icicibanksmartech-54938-581889-16329857-raghavendra.dm,ICICI Bank,Phishing
824,icicibank.om,ICICI Bank,Phishing
825,api.abha.iciciprulife.co/,ICICI Bank,Phishing
826,icicibank-staging.govjobfinder.com,ICICI Bank,Phishing
827,icicibank.c1neon.com,ICICI Bank,Phishing
828,icicilifeinsurance.com,ICICI Bank,Phishing
829,icici-api.complyment.com,ICICI Bank,Phishing
830,iciciapi.omnistrate.com,ICICI Bank,Phishing
831,iciciservices.shristype.com,ICICI Bank,Phishing
832,iciciservices.takeitec.in,ICICI Bank,Phishing
833,iciciservices.extraincome.org.in,ICICI Bank,Phishing
834,iciciservices.trusteasy.in,ICICI Bank,Phishing
835,icicidirects.co,ICICI Bank,Phishing
836,icicitrading.co,ICICI Bank,Phishing
837,icici.qdegrees.com,ICICI Bank,Phishing
838,iciciservices.otavamnr.co,ICICI Bank,Phishing
839,icicinri.com,ICICI Bank,Phishing
840,icicitoken.ledgers.cloud,ICICI Bank,Phishing
841,icici.carrer.in,ICICI Bank,Phishing
842,icicibank.fbmlive.com,ICICI Bank,Phishing
843,icici.woho.in,ICICI Bank,Phishing
844,icicibank.carreer.com,ICICI Bank,Phishing
845,icicifake.000webhostapp.com/bankstatement.html,ICICI Bank,Phishing
846,icicipru.amc.in,ICICI Bank,Phishing
847,iciciint.cubehighways.com,ICICI Bank,Phishing
848,icicicj.shop,ICICI Bank,Phishing
849,api-admin-icici-bap-preprod.bharatvyapaar.com,ICICI Bank,Phishing
850,iciciprulife-evl.onignio.com,ICICI Bank,Phishing
851,it.icici.asset.com,ICICI Bank,Phishing
852,icicipru.co,ICICI Bank,Phishing
853,icici.birect.com,ICICI Bank,Phishing
854,icicibank.giftz.ai/,ICICI Bank,Phishing
855,icicihdfc.com,ICICI Bank,Phishing
856,foreveryoung.enterprises,ICICI Bank,Phishing
857,foreveryoung.luxury,ICICI Bank,Phishing
858,foreveryoungrp.com,ICICI Bank,Phishing
859,cs-iciciprulife.com,ICICI Bank,Phishing
860,www.my.bicici.com,ICICI Bank,Phishing
861,ww51.icicicibank.com,ICICI Bank,Phishing
862,add.icicici.com,ICICI Bank,Phishing
863,www.ww.icicidirct.com,ICICI Bank,Phishing
864,content.icicidirect.co,ICICI Bank,Phishing
865,kaanficici.com,ICICI Bank,Phishing
866,ww38.icicibankcareer.xyz,ICICI Bank,Phishing
867,ww38.icicibankpersonalloan.xyz,ICICI Bank,Phishing
868,www.app.icicibankcreditcard.com,ICICI Bank,Phishing
869,hostmaster.www.icicibankcreditcard.com,ICICI Bank,Phishing
870,www.in.icicibankcreditcard.com,ICICI Bank,Phishing
871,www.old.icicibankcreditcard.com,ICICI Bank,Phishing
872,www.www.metric.icicibankcreditcard.com,ICICI Bank,Phishing
873,www.icicibank.icicilombart.com,ICICI Bank,Phishing
874,forums.icicibankcreditcard.com,ICICI Bank,Phishing
875,reports.icicibankcreditcard.com,ICICI Bank,Phishing
876,mail.icicibankco.com,ICICI Bank,Phishing
877,catalog.eazypayicicibank.com,ICICI Bank,Phishing
878,checkmypersonalloanstatusicicibank.com.cialisonla.com,ICICI Bank,Phishing
879,ebrubicici.com,ICICI Bank,Phishing
880,admin.wwwicicibank.com,ICICI Bank,Phishing
881,icicibank.comndeed.com,ICICI Bank,Phishing
882,acqweb.icicicibank.com,ICICI Bank,Phishing
883,eazypayapp.icicibnk.com,ICICI Bank,Phishing
884,icicidirectn.co,ICICI Bank,Phishing
885,icicibankonnect.co,ICICI Bank,Phishing
886,icicibank.newsfeedsmartapps.com,ICICI Bank,Phishing
887,icicibankkonnect.co,ICICI Bank,Phishing
888,icicibankbizcircle.rawranked.com,ICICI Bank,Phishing
889,ns.icicidirectlogin.com,ICICI Bank,Phishing
890,eazypay.icicibak.com,ICICI Bank,Phishing
891,yoginicici.com,ICICI Bank,Phishing
892,ww16.dns1.icicibank.sbs,ICICI Bank,Phishing
893,icicibank.flatworldrewards.com,ICICI Bank,Phishing
894,www.icicibank.comflowise.symptomsoflowoxygen.site,ICICI Bank,Phishing
895,aiadvantage.info,ICICI Bank,Phishing
896,moneyworld.top,ICICI Bank,Phishing
897,icicenter.org,ICICI Bank,Phishing
898,cclcinvestments.com,ICICI Bank,Phishing
899,rewardsicici.com,ICICI Bank,Phishing
900,icicibank.io/,ICICI Bank,Phishing
901,clclcl.cloud,ICICI Bank,Phishing
902,lclcldd.org,ICICI Bank,Phishing
903,icicl.icu,ICICI Bank,Phishing
904,moneymeals.app,ICICI Bank,Phishing
905,icicnsg.com,ICICI Bank,Phishing
906,cicifinance.com,ICICI Bank,Phishing
907,seconline.com,ICICI Bank,Phishing
908,ecicsinsurance.com,ICICI Bank,Phishing
909,iciciservices.online,ICICI Bank,Phishing
910,icicibank.xyz,ICICI Bank,Phishing
911,icicicareers.cloud,ICICI Bank,Phishing
912,foreveryong.lat,ICICI Bank,Phishing
913,lclclcklc.xyz,ICICI Bank,Phishing
914,beattheheat.asia,ICICI Bank,Phishing
915,mekicici.fun,ICICI Bank,Phishing
916,sotericicients.shop,ICICI Bank,Phishing
917,moneyworld.money,ICICI Bank,Phishing
918,ww17.dashboards.icicicdirect.com/,ICICI Bank,Phishing
919,icici.icicilombart.com/,ICICI Bank,Phishing
920,icicibankgames.byethost.com,ICICI Bank,Phishing
921,icicibanklearn.byethost.com,ICICI Bank,Phishing
922,banklearn.blogspot.com,ICICI Bank,Phishing
923,banklearn.byethost.com,ICICI Bank,Phishing
924,57e0d8d2686c.dms.iciciprulife.co/,ICICI Bank,Phishing
925,57e0d8d2686c.healthclaims.iciciprulife.co/,ICICI Bank,Phishing
926,57e0d8d2686c.shikhileexed.iciciprulife.co/,ICICI Bank,Phishing
927,icicinribanking.byethost.com,ICICI Bank,Phishing
928,icicibankfinancial.byethost.com,ICICI Bank,Phishing
929,icicifinancial.byethost.com,ICICI Bank,Phishing
930,iciciinsure.byethost.com,ICICI Bank,Phishing
931,icicibankinsure.byethost.com,ICICI Bank,Phishing
932,lclc1bank.byethost.com,ICICI Bank,Phishing
933,lclcibank.byethost.com,ICICI Bank,Phishing
934,icicitwowheelerloans.byethost.com,ICICI Bank,Phishing
935,icicifunding.byethost.com,ICICI Bank,Phishing
936,iciciassets.byethost.com,ICICI Bank,Phishing
937,icicifund.byethost.com,ICICI Bank,Phishing
938,icicistocks.byethost.com,ICICI Bank,Phishing
939,icicibankstocks.byethost.com,ICICI Bank,Phishing
940,icicibankcarinsurance.byethost.com,ICICI Bank,Phishing
941,icicibankconsumerfinance.byethost.com,ICICI Bank,Phishing
942,icicismartloans.byethost.com,ICICI Bank,Phishing
943,icicibankcapitalmarkets.byethost.com,ICICI Bank,Phishing
944,icicibankiplay.byethost.com,ICICI Bank,Phishing
945,icicibankinstantgoldloan.byethost.com,ICICI Bank,Phishing
946,icicibankflexicash.byethost.com,ICICI Bank,Phishing
947,icicibankfdi.byethost.com,ICICI Bank,Phishing
948,iciciholdinglimited.byethost.com,ICICI Bank,Phishing
949,iciciholdingslimited.byethost.com,ICICI Bank,Phishing
950,iciciholdingsltd.byethost.com,ICICI Bank,Phishing
951,icicibankholding.byethost.com,ICICI Bank,Phishing
952,icicibankholdings.byethost.com,ICICI Bank,Phishing
953,iciciholdings.byethost.com,ICICI Bank,Phishing
954,icicitrust.byethost.com,ICICI Bank,Phishing
955,icicbnk.byethost.com,ICICI Bank,Phishing
956,icicibnk.byethost.com,ICICI Bank,Phishing
957,icicifundings.byethost.com,ICICI Bank,Phishing
958,icicigroupcompanies.byethost.com,ICICI Bank,Phishing
959,pruicicilife.byethost.com,ICICI Bank,Phishing
960,icicibank.byethost.com,ICICI Bank,Phishing
961,iciciibank.vip,ICICI Bank,Phishing
962,icicilbank.cc,ICICI Bank,Phishing
963,icicisky.com,ICICI Bank,Phishing
964,simplexins.com,ICICI Bank,Phishing
965,icicibcsk.blog,ICICI Bank,Phishing
966,electrica-bicicileta-br11.sbs,ICICI Bank,Phishing
967,isliciciea.shop,ICICI Bank,Phishing
968,icicibonka.sbs,ICICI Bank,Phishing
969,radicicircolari.org,ICICI Bank,Phishing
970,radicicircolari.bio,ICICI Bank,Phishing
971,iciciibank.cc,ICICI Bank,Phishing
972,ffsandusr0vcarduaticicibank.ngo.za,ICICI Bank,Phishing
973,icicilbank.bond,ICICI Bank,Phishing
974,icicilbank.cfd,ICICI Bank,Phishing
975,icicibankltd.karimnagarlive.in,ICICI Bank,Phishing
976,icicibankbg.help.org,ICICI Bank,Phishing
977,icicilibank.cc,ICICI Bank,Phishing
978,icbc-support.com,ICICI Bank,Phishing
979,ext.icicibnk.com,ICICI Bank,Phishing
980,buy.icicibamk.com,ICICI Bank,Phishing
981,crm.icicibamk.com,ICICI Bank,Phishing
982,edbabhappy.icicibank.live,ICICI Bank,Phishing
983,user.icici.de/,ICICI Bank,Phishing
984,icicilbank.vip,ICICI Bank,Phishing
985,icicillbank.vip,ICICI Bank,Phishing
986,icici-account.top,ICICI Bank,Phishing
987,iccisupport.com,ICICI Bank,Phishing
988,icicibankbg.help,ICICI Bank,Phishing
989,icicibankbg.top,ICICI Bank,Phishing
990,ww38.icici.blog/,ICICI Bank,Phishing
991,iciciiibank.cc,ICICI Bank,Phishing
992,rd.icicibannk.com/,ICICI Bank,Phishing
993,iccgroup.partners,ICICI Bank,Phishing
994,iciciinbank.cfd,ICICI Bank,Phishing
995,iciciinbank.sbs,ICICI Bank,Phishing
996,icicu.icu,ICICI Bank,Phishing
997,icic-gift.sbs/in,ICICI Bank,Phishing
998,clclcls.site,ICICI Bank,Phishing
999,ww38.random.iciciamc.com/,ICICI Bank,Phishing
1000,licici.com,ICICI Bank,Phishing
1001,icic-gift.cfd/in,ICICI Bank,Phishing
1002,icicisupport.services,ICICI Bank,Phishing
1003,icic-gift.cfd,ICICI Bank,Phishing
1004,mx7.iciciprulife.co/,ICICI Bank,Phishing
1005,icicibankiv.sbs,ICICI Bank,Phishing
1006,icicibankue.sbs,ICICI Bank,Phishing
1007,ww25.inzqdoapnext.icicibamk.com/,ICICI Bank,Phishing
1008,money-world.online,ICICI Bank,Phishing
1009,ww38.inprepaid.icicilogin.com/,ICICI Bank,Phishing
1010,57e0d8d2686c.correo.iciciprulife.co/,ICICI Bank,Phishing
1011,icici.carrers.com/,ICICI Bank,Phishing
1012,57e0d8d2686c.remote.iciciprulife.co/,ICICI Bank,Phishing
1013,oficicinati.it.com,ICICI Bank,Phishing
1014,icicestvrai.fr,ICICI Bank,Phishing
1015,icicarecrute.fr,ICICI Bank,Phishing
1016,icicaplante.fr,ICICI Bank,Phishing
1017,icicciaio.it,ICICI Bank,Phishing
1018,eticicibebe.xxx,ICICI Bank,Phishing
1019,foreveryoung.cc,ICICI Bank,Phishing
1020,foreveryoung.bio,ICICI Bank,Phishing
1021,icicibsnk.buzz,ICICI Bank,Phishing
1022,iciciaccount.top,ICICI Bank,Phishing
1023,icicibsnk.cfd/,ICICI Bank,Phishing
1024,iciciaccount.cfd,ICICI Bank,Phishing
1025,icicibsnk.sbs,ICICI Bank,Phishing
1026,vpicicibank.com,ICICI Bank,Phishing
1027,team-icicibank.com,ICICI Bank,Phishing
1028,icicibankservices.com,ICICI Bank,Phishing
1029,m.icici-bank.com/,ICICI Bank,Phishing
1030,lclclc.lc,ICICI Bank,Phishing
1031,icici.autopay.co/,ICICI Bank,Phishing
1032,icicbe.com,ICICI Bank,Phishing
1033,iciholdings.com,ICICI Bank,Phishing
1034,moneyworld.it.com,ICICI Bank,Phishing
1035,icbank-points.cfd,ICICI Bank,Phishing
1036,iciholdings.online,ICICI Bank,Phishing
1037,icici-prudential-mutualfund-dev.conspire.app/,ICICI Bank,Phishing
1038,scsignatureliving.com,ICICI Bank,Phishing
1039,8394bcb5-9c53-4215-b9c3-2c70b159ccfa.icici.de/,ICICI Bank,Phishing
1040,iciciqiv.pages.dev/,ICICI Bank,Phishing
1041,ww1.icicidierct.com/lander,ICICI Bank,Phishing
1042,2084b156-25b2-4493-8565-c3a93c6a21ab.icicibank.live/,ICICI Bank,Phishing
1043,cardsprotection.in/,ICICI Bank,Phishing
1044,points-icici.sbs,ICICI Bank,Phishing
1045,points-icici.xyz,ICICI Bank,Phishing
1046,points-icici.top,ICICI Bank,Phishing
1047,points-icici.click,ICICI Bank,Phishing
1048,points-icici.cfd,ICICI Bank,Phishing
1049,icici-linkpoint.sbs,ICICI Bank,Phishing
1050,ww17.int.icicibamk.com/,ICICI Bank,Phishing
1051,int.icicibamk.com/,ICICI Bank,Phishing
1052,foreveryoung.click,ICICI Bank,Phishing
1053,icici-linkpoint.cfd,ICICI Bank,Phishing
1054,ww17.inrprepaid.icicibamk.com,ICICI Bank,Phishing
1055,ww25.bigdata.icicibamk.com,ICICI Bank,Phishing
1056,sitemap.secureicicidirect.com,ICICI Bank,Phishing
1057,ww25.service.icicibamk.com,ICICI Bank,Phishing
1058,ww25.fastagalogin.icicibamk.com,ICICI Bank,Phishing
1059,ww38.iihc.icicilomboard.com,ICICI Bank,Phishing
1060,account.icicisecurity.com,ICICI Bank,Phishing
1061,california.icicicdirect.com,ICICI Bank,Phishing
1062,ww38.i.icicilomboard.com,ICICI Bank,Phishing
1063,ww38.crm.icicilomboard.com,ICICI Bank,Phishing
1064,ww16.help.icicibamk.com,ICICI Bank,Phishing
1065,ww38.support.icicilomboard.com,ICICI Bank,Phishing
1066,ww38.demo.icicilomboard.com,ICICI Bank,Phishing
1067,ww38.dev.icicilomboard.com,ICICI Bank,Phishing
1068,ww25.staging.icicicdirect.com,ICICI Bank,Phishing
1069,ww38.sitemap.icicilomboard.com,ICICI Bank,Phishing
1070,ww38.administration.icicilomboard.com,ICICI Bank,Phishing
1071,ww38.user.icicilomboard.com,ICICI Bank,Phishing
1072,inrprepaid.icicibsnk.com,ICICI Bank,Phishing
1073,ww25.mobile.icicibamk.com,ICICI Bank,Phishing
1074,www.forum.icicicdirect.com,ICICI Bank,Phishing
1075,ww38.api.icicilomboard.com,ICICI Bank,Phishing
1076,ww38.icicilomboard.com,ICICI Bank,Phishing
1077,ww38.securesmtp.icicilomboard.com,ICICI Bank,Phishing
1078,ww38.smtp.icicilomboard.com,ICICI Bank,Phishing
1079,ww38.partner.icicilomboard.com,ICICI Bank,Phishing
1080,ww38.fastrack.icicilomboard.com,ICICI Bank,Phishing
1081,ww38.tickets.icicilomboard.com,ICICI Bank,Phishing
1082,ww25.collectionsapp.icicibamk.com,ICICI Bank,Phishing
1083,ww38.edison.icicilomboard.com,ICICI Bank,Phishing
1084,ww38.bi.icicilomboard.com,ICICI Bank,Phishing
1085,ww25.forum.icicicdirect.com,ICICI Bank,Phishing
1086,ww38.staging.icicilomboard.com,ICICI Bank,Phishing
1087,arcosdr.iciciprulife.co,ICICI Bank,Phishing
1088,ww25.autodiscover.icicilombard.co,ICICI Bank,Phishing
1089,ww17.fastaglogin.icicibamk.com,ICICI Bank,Phishing
1090,ww25.ww5.icicibamk.com,ICICI Bank,Phishing
1091,www.ilens.icicibamk.com,ICICI Bank,Phishing
1092,ww38.workflow.icicilomboard.com,ICICI Bank,Phishing
1093,ww25.notexistscollectionsapp.icicibamk.com,ICICI Bank,Phishing
1094,ww16.directlink.icicicdirect.com,ICICI Bank,Phishing
1095,ww17.help.icicibamk.com,ICICI Bank,Phishing
1096,ww25.backup.icicicdirect.com,ICICI Bank,Phishing
1097,ww25.log.icicibamk.com,ICICI Bank,Phishing
1098,ww38.nysa.iciciclombard.com,ICICI Bank,Phishing
1099,ww25.itasktrailportal.icicprulife.com,ICICI Bank,Phishing
1100,ww25.cmart.icicibamk.com,ICICI Bank,Phishing
1101,ww25.notexistsautodiscover.icicibamk.com,ICICI Bank,Phishing
1102,ww17.site1.icicibamk.com,ICICI Bank,Phishing
1103,ww16.shop.icicicdirect.com,ICICI Bank,Phishing
1104,ww38.uat.iciciclombard.com,ICICI Bank,Phishing
1105,vmsweb.icicibsnk.com,ICICI Bank,Phishing
1106,ww25.105e7afe-d35c-4f34-9773-887704acf9d1.icicibamk.com,ICICI Bank,Phishing
1107,vkyc.icicibannk.com,ICICI Bank,Phishing
1108,ww25.vpn.icicibamk.com,ICICI Bank,Phishing
1109,acqweb.icicibamk.com,ICICI Bank,Phishing
1110,ww16.help.icicicdirect.com,ICICI Bank,Phishing
1111,ww25.in.icicicdirect.com,ICICI Bank,Phishing
1112,ww25.forums.icicicdirect.com,ICICI Bank,Phishing
1113,ww17.demo.icicicdirect.com,ICICI Bank,Phishing
1114,ww25.temp.icicibamk.com,ICICI Bank,Phishing
1115,ww25.help.icicicdirect.com,ICICI Bank,Phishing
1116,ww17.wiki.icicibamk.com,ICICI Bank,Phishing
1117,ww17.icici.icicibamk.com,ICICI Bank,Phishing
1118,icici-linkpoint.xyz,ICICI Bank,Phishing
1119,icici-linkpoint.click,ICICI Bank,Phishing
1120,icici-linkpoint.top,ICICI Bank,Phishing
1121,icici-linkpoint.lol,ICICI Bank,Phishing
1122,infinity.icicibbank.com/,ICICI Bank,Phishing
1123,icicixltops.com,ICICI Bank,Phishing
1124,www.safeicici.com.elite-investcapital.com/,ICICI Bank,Phishing
1125,homeclub.shop,ICICI Bank,Phishing
1126,simplizi.fr,ICICI Bank,Phishing
1127,icc-online.com,ICICI Bank,Phishing
1128,foreveryoung.online,ICICI Bank,Phishing
1129,iciciibank.top,ICICI Bank,Phishing
1130,icici-paylink.xyz,ICICI Bank,Phishing
1131,icici-paylink.cfd,ICICI Bank,Phishing
1132,icici-paylink.click,ICICI Bank,Phishing
1133,icici-paylink.asia,ICICI Bank,Phishing
1134,bkicici.com,ICICI Bank,Phishing
1135,nclcinvestments.xyz,ICICI Bank,Phishing
1136,icicibcxk.sbs,ICICI Bank,Phishing
1137,icicibazk.top,ICICI Bank,Phishing
1138,icic-oc.org,ICICI Bank,Phishing
1139,iciiinsurance.com,ICICI Bank,Phishing
1140,iciciback.top,ICICI Bank,Phishing
1141,icici.lat,ICICI Bank,Phishing
1142,iciciprulife-online.co.in,ICICI Bank,Phishing
1143,rnydaappdynamics.iciciprulife.co/,ICICI Bank,Phishing
1144,imap2.iciciprulife.co/,ICICI Bank,Phishing
1145,grsqlwebdisk.iciciprulife.co/,ICICI Bank,Phishing
1146,57e0d8d2686c.mail10.iciciprulife.co/,ICICI Bank,Phishing
1147,2df626a5-1a89-4150-92dd-eeaf90838345.random.iciciprulife.co/,ICICI Bank,Phishing
1148,57e0d8d2686c.smx2.iciciprulife.co/,ICICI Bank,Phishing
1149,57e0d8d2686c.notexistsrds1.iciciprulife.co/,ICICI Bank,Phishing
1150,57e0d8d2686c.whatsapp.iciciprulife.co/,ICICI Bank,Phishing
1151,4a17ec06-0f3f-4f59-b221-aa4f44d14059.random.iciciprulife.co/,ICICI Bank,Phishing
1152,shop.icicibannk.com/,ICICI Bank,Phishing
1153,ww25.3.icicibamk.com/,ICICI Bank,Phishing
1154,ww25.dash.icicibamk.com/,ICICI Bank,Phishing
1155,1c1c1c1c.xyz,ICICI Bank,Phishing
1156,fasttaglogin.icicibannk.com/,ICICI Bank,Phishing
1157,ww17.buy.icicibamk.com/,ICICI Bank,Phishing
1158,icicibank.online,ICICI Bank,Phishing
1159,ww7.icicicareer.com/?usid=18&utid=31140704230,ICICI Bank,Phishing
1160,www.icicigroup.shaerepoint.com/,ICICI Bank,Phishing
1161,cemalcici.com,ICICI Bank,Phishing
1162,janficici.com,ICICI Bank,Phishing
1163,cicbankfinance.com,ICICI Bank,Phishing
1164,ww17.iviewnlbs.icicibamk.com/,ICICI Bank,Phishing
1165,ww25.indtantforex.icicibamk.com/,ICICI Bank,Phishing
1166,bentkkgntzww25.lead.icicibamk.com/,ICICI Bank,Phishing
1167,ww25.easypaycollect.icicibamk.com/,ICICI Bank,Phishing
1168,ww38.ext.icicibnk.com/,ICICI Bank,Phishing
1169,icic-in.sbs/in,ICICI Bank,Phishing
1170,www.bk-inc-1.xyz,ICICI Bank,Phishing
1171,bkinc1i.xyz/,ICICI Bank,Phishing
1172,brkinc1s.xyz/,ICICI Bank,Phishing
1173,icici-lms.gvmtechnologies.net,ICICI Bank,Phishing
1174,icici-securitiesgo.vip/,ICICI Bank,Phishing
1175,13.232.20.241,ICICI Bank,Phishing
1176,indiapoinr.top/phone,ICICI Bank,Phishing
1177,icpoinr.top,ICICI Bank,Phishing
1178,icic-in.icu,ICICI Bank,Phishing
1179,getyourgift.cfd,ICICI Bank,Phishing
1180,iciciinsede.com/#/pages/login/login,ICICI Bank,Phishing
1181,visagemstonecreditcards.attoinfotech.com/,ICICI Bank,Phishing
1182,bkinc1y.xyz/,ICICI Bank,Phishing
1183,bkinc1conline.xyz/,ICICI Bank,Phishing
1184,inseebk1.xyz/,ICICI Bank,Phishing
1185,inseebk.xyz/,ICICI Bank,Phishing
1186,bkinseed1.xyz/,ICICI Bank,Phishing
1187,bkinseed.xyz/,ICICI Bank,Phishing
1188,iciciinseded.com,ICICI Bank,Phishing
1189,iciciinsedef.com/#/pages/login/login,ICICI Bank,Phishing
1190,iciciinsedeb.com/#/pages/login/login,ICICI Bank,Phishing
1191,iciciinsedes.com/#/pages/login/login,ICICI Bank,Phishing
1192,iciciinsedee.com/#/pages/login/login,ICICI Bank,Phishing
1193,icici-securitiesit.vip/#/pages/login/login,ICICI Bank,Phishing
1194,icici-securitiesup.vip/#/pages/login/login,ICICI Bank,Phishing
1195,icicistore.co.in/,ICICI Bank,Phishing
1196,icici-securitiesup.vip/,ICICI Bank,Phishing
1197,icici-securitiesit.vip/,ICICI Bank,Phishing
1198,icici-securitiesin.com/,ICICI Bank,Phishing
1199,icici-securitiesit.com/,ICICI Bank,Phishing
1200,icici-securitiesin.vip,ICICI Bank,Phishing
1201,icicibanksite.web.app,ICICI Bank,Phishing
1202,icicisecuritiesex.com/,ICICI Bank,Phishing
1203,cardnetwork.in/,ICICI Bank,Phishing
1204,icicisecuritiesin.com,ICICI Bank,Phishing
1205,icicisecuritiesindia.com,ICICI Bank,Phishing
1206,managemycardicici.in,ICICI Bank,Phishing
1207,icicistorepoint.in,ICICI Bank,Phishing
1208,icici-securities.vip,ICICI Bank,Phishing
1209,icici-investment.com/login,ICICI Bank,Phishing
1210,icicservice.site/,ICICI Bank,Phishing
1211,rewardspointicicibank.com,ICICI Bank,Phishing
1212,icicilombard2024.samaaro.com/ascend2024/users/login,ICICI Bank,Phishing
1213,shopscnw77.github.io/claimpoitns/,ICICI Bank,Phishing
1214,icicilombard.nworx.app/,ICICI Bank,Phishing
1215,icicloanservice.com,ICICI Bank,Phishing
1216,redeemmyclaim.in/icici/,ICICI Bank,Phishing
1217,icicibank-9020.zendesk.com,ICICI Bank,Phishing
1218,rewardsmyclaim.in/icici/,ICICI Bank,Phishing
1219,icicidirect.willjini.com/login,ICICI Bank,Phishing
1220,servicescard.online/,ICICI Bank,Phishing
1221,cardprotections.info/,ICICI Bank,Phishing
1222,redeemspoints.in/icici/,ICICI Bank,Phishing
1223,icici.mycardcare.in,ICICI Bank,Phishing
1224,cpservice.online/,ICICI Bank,Phishing
1225,icireward.com/,ICICI Bank,Phishing
1226,redeemsclaims.in,ICICI Bank,Phishing
1227,redeemclaims.in/icici/,ICICI Bank,Phishing
1228,rewardclaimapp.com/,ICICI Bank,Phishing
1229,www.pysdru.com,ICICI Bank,Phishing
1230,mycardbenifit.in,ICICI Bank,Phishing
1231,cppcard.online/,ICICI Bank,Phishing
1232,icicirewardstore.com,ICICI Bank,Phishing
1233,3e92692b-1692-43e1-a5a6-35313752fa49-00-wrefxn3i7fuk.pike.replit.dev/,ICICI Bank,Phishing
1234,7ddccc4d-f6cb-4b23-ba8f-804627443bbf-00-3jlytvolrbk4u.pike.replit.dev/,ICICI Bank,Phishing
1235,mycardsapp.in,ICICI Bank,Phishing
1236,icicirewardonline.com,ICICI Bank,Phishing
1237,www.krtdsr.com/#/login/login,ICICI Bank,Phishing
1238,81a8e64d-58d2-4d79-aff3-19ac624b530b-00-1nhchjvgh7knk.sisko.replit.dev/,ICICI Bank,Phishing
1239,rewardicici.com,ICICI Bank,Phishing
1240,applyonline-sarvise.online,ICICI Bank,Phishing
1241,icicireward.com,ICICI Bank,Phishing
1242,iciccbevk.shop/in,ICICI Bank,Phishing
1243,airtel8k.xyz,Airtel,Suspected
1244,airtelconnect.in,Airtel,Suspected
